Hit 5 Relaxed,Hit 5 Strict,NDCG Relaxed,NDCG Strict
1.0,0.0,1.0,0.0
0.6,0.0,1.0,0.0
1.0,1.0,1.0,1.0
1.0,0.0,1.0,0.0
1.0,1.0,1.0,1.0
1.0,1.0,1.0,1.0
0.2,0.2,0.43067655807339306,0.43067655807339306
1.0,0.4,0.8756769827188949,0.6509209298071326
1.0,0.0,1.0,0.0
1.0,0.2,0.8558112355261802,0.43067655807339306
0.0,0.0,0.0,0.0
0.6,0.6,1.0,1.0
0.2,0.2,0.43067655807339306,0.43067655807339306
1.0,1.0,1.0,1.0
1.0,1.0,1.0,1.0
1.0,1.0,1.0,1.0
0.0,0.0,0.0,0.0
