type,nums of entities,nums of entities with description,percentage
Parameter,115542,53703,0.4647920236797009
Returns,49574,16776,0.33840319522330253
Element,821,99,0.12058465286236297
