Hit 5 Relaxed,Hit 5 Strict,NDCG Relaxed,NDCG Strict
0.0,0.0,0.0,0.0
1.0,0.0,1.0,0.0
0.0,0.0,0.0,0.0
0.2,0.2,0.38685280723454163,0.38685280723454163
1.0,0.0,1.0,0.0
1.0,1.0,1.0,1.0
0.0,0.0,0.0,0.0
0.0,0.0,0.0,0.0
0.6,0.4,0.585982057106826,0.5437713091520254
0.0,0.0,0.0,0.0
0.0,0.0,0.0,0.0
0.0,0.0,0.0,0.0
0.0,0.0,0.0,0.0
0.0,0.0,0.0,0.0
0.2,0.0,0.43067655807339306,0.0
0.2,0.0,0.43067655807339306,0.0
1.0,1.0,1.0,1.0
