Hit 5 Relaxed,Hit 5 Strict,NDCG Relaxed,NDCG Strict
0.0,0.0,0.0,0.0
1.0,0.0,1.0,0.0
0.0,0.0,0.0,0.0
0.2,0.2,0.43067655807339306,0.43067655807339306
1.0,0.0,1.0,0.0
1.0,1.0,1.0,1.0
0.0,0.0,0.0,0.0
0.0,0.0,0.0,0.0
0.8,0.4,0.7179581484098557,0.6509209298071326
0.0,0.0,0.0,0.0
0.0,0.0,0.0,0.0
0.0,0.0,0.0,0.0
0.2,0.2,0.5,0.5
0.0,0.0,0.0,0.0
0.8,0.0,1.0,0.0
0.0,0.0,0.0,0.0
1.0,1.0,1.0,1.0
